﻿{"2":{"path":"/Game/UMG/Texture/LoadingUI/LOADING_image_2.LOADING_image_2","weight":1,"end_time_stamp":1910304000,"begin_time":"2018-07-15 00:00:00","end_time":"2030-07-15 00:00:00"},"3":{"path":"/Game/UMG/Texture/LoadingUI/LOADING_image_3.LOADING_image_3","weight":1,"end_time_stamp":1910304000,"begin_time":"2018-07-15 00:00:00","end_time":"2030-07-15 00:00:00"},"4":{"path":"/Game/UMG/Texture/LoadingUI/LOADING_image_4.LOADING_image_4","weight":1,"end_time_stamp":1910304000,"begin_time":"2018-07-15 00:00:00","end_time":"2030-07-15 00:00:00"},"9":{"path":"/Game/UMG/Texture/LoadingUI/LOADING_image_RH_2.LOADING_image_RH_2","weight":1,"end_time_stamp":1910304000,"begin_time":"2018-07-15 00:00:00","end_time":"2030-07-15 00:00:00"},"10":{"path":"/Game/UMG/Texture/LoadingUI/LOADING_image_RH_3.LOADING_image_RH_3","weight":1,"end_time_stamp":1910304000,"begin_time":"2018-07-15 00:00:00","end_time":"2030-07-15 00:00:00"},"12":{"path":"https://www.pubgmobile.com/event/pics/loading/loading15.jpg","weight":1,"end_time_stamp":1910304000,"begin_time":"2018-07-15 00:00:00","end_time":"2030-07-15 00:00:00"},"13":{"path":"https://www.pubgmobile.com/event/pics/loading/loading16.jpg","weight":1,"end_time_stamp":1910304000,"begin_time":"2018-07-15 00:00:00","end_time":"2030-07-15 00:00:00"},"4092":{"path":"https://battlegroundsmobile.kr/hse03/event/202010/202007_luckyspin_loading_ko.png","weight":200,"end_time_stamp":1602640800,"begin_time":"2020-10-07 02:00:00","end_time":"2020-10-14 02:00:00","region_map":[null,null,null,null,null,true]}}