{"sceneTypeControlConfigBlack": {"mobile": [], "qimei": [], "manufacturer": []}, "notchCloudData": [], "sceneTransformAvailable": false, "sceneFuncConfigBlack": {"mobile": [], "qimei": [], "manufacturer": []}, "spaFuncAvailable": false, "gpuApplyFuncAvailable": false, "netLatencyConfigWhite": {"mobile": [], "qimei": [], "manufacturer": []}, "predownloadFileCheckAvailable": false, "preDownloadConfigBlack": {"mobile": [], "qimei": [], "manufacturer": []}, "lightThreadConfigBlack": {"mobile": [], "qimei": [], "manufacturer": []}, "useNoneRichTapConfigBlack": {"mobile": [], "qimei": [], "manufacturer": []}, "uniqueIdReportAvailable": false, "APMKeys": {"54": {"toB": true, "toM": true}, "57": {"toB": true, "toM": true}, "53": {"toB": true, "toM": true}, "7": {"toM": true, "1": "15", "3": "25", "2": "20", "5": "40", "4": "30", "7": "90", "6": "60", "toB": true, "8": "120"}, "position": ["57", "8", "53", "7", "54"], "8": {"toB": true, "toM": true}}, "funcConfigWhite": {"mobile": [], "qimei": [], "manufacturer": []}, "spaReportConfigWhite": {"mobile": ["sm-g9750", "sm-g9550", "sm-a6060", "sm-g9650"], "qimei": ["ALL"], "manufacturer": ["samsung"]}, "deviceCheckConfigWhite": {"mobile": [], "qimei": [], "manufacturer": []}, "transceiverCallbackAvailable": false, "vendorOAIDReportAvailable": false, "reportAvailable": false, "sspChannelOpen": ["samsung2", "samsung_shm"], "versionReportAvailable": true, "callbackFuncConfigBlack": {"mobile": [], "qimei": [], "manufacturer": []}, "deviceInfoReportBlack": {"mobile": [], "qimei": [], "manufacturer": []}, "transceiverAvailable": false, "optFuncConfigWhite": {"mobile": [], "qimei": [], "manufacturer": []}, "predownloadFileCheckConfigBlack": {"mobile": [], "qimei": [], "manufacturer": []}, "cpuApplyFuncAvailable": false, "transceiverCallbackConfigWhite": {"mobile": [], "qimei": [], "manufacturer": []}, "reportConfigBlack": {"mobile": [], "qimei": [], "manufacturer": []}, "notchProbeConfigWhite": {"mobile": [], "qimei": [], "manufacturer": []}, "preDownloadConfigWhite": {"mobile": [], "qimei": [], "manufacturer": []}, "threadFuncAvailable": true, "slice5GAvailable": false, "userCountConfigBlack": {"mobile": [], "qimei": [], "manufacturer": []}, "slice5GConfigBlack": {"mobile": [], "qimei": [], "manufacturer": []}, "threadFuncConfigBlack": {"mobile": [], "qimei": [], "manufacturer": []}, "safeUniqueIdReportAvailable": false, "notchProbeAvailable": false, "predownloadFileCheckConfigWhite": {"mobile": [], "qimei": [], "manufacturer": []}, "spaFuncConfigBlack": {"mobile": [], "qimei": [], "manufacturer": []}, "vendorOAIDReportConfigBlack": {"mobile": [], "qimei": [], "manufacturer": []}, "preDownloadAvailable": false, "fpsFuncConfigBlack": {"mobile": [], "qimei": [], "manufacturer": []}, "sceneFuncConfigWhite": {"mobile": [], "qimei": [], "manufacturer": []}, "deviceCheckConfigBlack": {"mobile": [], "qimei": [], "manufacturer": []}, "gpuApplyConfigWhite": {"mobile": [], "qimei": [], "manufacturer": []}, "transceiverConfigWhite": {"mobile": [], "qimei": [], "manufacturer": []}, "richTapConfigWhite": {"mobile": [], "qimei": [], "manufacturer": []}, "fpsFuncConfigWhite": {"mobile": [], "qimei": [], "manufacturer": []}, "fpsFuncAvailable": false, "sceneFuncAvailable": true, "richTapConfigBlack": {"mobile": [], "qimei": [], "manufacturer": []}, "useNoneRichTapConfigWhite": {"mobile": [], "qimei": [], "manufacturer": []}, "netLatencyFuncAvailable": true, "deviceCheckFuncAvailable": false, "funcConfigBlack": {"mobile": ["sm-a7000", "sm-g8870"], "qimei": [], "manufacturer": []}, "funcAvailable": true, "turingShieldConfigWhite": {"mobile": [], "qimei": [], "manufacturer": []}, "spaReportAvailable": false, "deviceInfoReportAvailable": false, "apmKeys": [], "uniqueIdReportConfigWhite": {"mobile": [], "qimei": [], "manufacturer": []}, "vendorOAIDReportConfigWhite": {"mobile": [], "qimei": [], "manufacturer": []}, "optCfgFuncAvailable": false, "userCountFuncAvailable": true, "deviceInfoReportWhite": {"mobile": [], "qimei": [], "manufacturer": []}, "transToBeacon": [], "transToManufacture": [], "safeUniqueIdReportConfigBlack": {"mobile": [], "qimei": [], "manufacturer": []}, "callbackFuncAvailable": true, "richTapAvailable": false, "lightThreadConfigWhite": {"mobile": [], "qimei": [], "manufacturer": []}, "transceiverCallbackConfigBlack": {"mobile": [], "qimei": [], "manufacturer": []}, "cpuBind": false, "netLatencyConfigBlack": {"mobile": [], "qimei": [], "manufacturer": []}, "uniqueIdReportConfigBlack": {"mobile": [], "qimei": [], "manufacturer": []}, "cpuApplyConfigWhite": {"mobile": [], "qimei": [], "manufacturer": []}, "callbackFuncConfigWhite": {"mobile": [], "qimei": [], "manufacturer": []}, "spaFuncConfigWhite": {"mobile": ["sm-g9750", "sm-g9550", "sm-a6060", "sm-g9650"], "qimei": ["ALL"], "manufacturer": ["samsung"]}, "turingShieldConfigBlack": {"mobile": [], "qimei": [], "manufacturer": []}, "gpuApplyConfigBlack": {"mobile": [], "qimei": [], "manufacturer": []}, "useNoneRichTapAvailable": false, "gdpToolConfigBlack": {"mobile": [], "qimei": [], "manufacturer": []}, "lightThreadFuncAvailable": true, "gdpToolConfigWhite": {"mobile": [], "qimei": [], "manufacturer": []}, "notchConfigBlack": {"mobile": [], "qimei": [], "manufacturer": []}, "spaReportConfigBlack": {"mobile": [], "qimei": [], "manufacturer": []}, "safeUniqueIdReportConfigWhite": {"mobile": ["ALL"], "qimei": ["1,400000"], "manufacturer": ["ALL"]}, "userCountConfigWhite": {"mobile": [], "qimei": [], "manufacturer": []}, "reportConfigWhite": {"mobile": ["ALL"], "qimei": ["1,40000"], "manufacturer": ["ALL"]}, "sceneTransformConfigWhite": {"mobile": [], "qimei": [], "manufacturer": []}, "turingShieldFuncAvailable": false, "versionReportConfigBlack": {"mobile": [], "qimei": [], "manufacturer": []}, "optFuncConfigBlack": {"mobile": [], "qimei": [], "manufacturer": []}, "notchProbeConfigBlack": {"mobile": [], "qimei": [], "manufacturer": []}, "gdpToolAvailable": false, "versionReportConfigWhite": {"mobile": [], "qimei": [], "manufacturer": []}, "sceneTypeControlAvailable": false, "sceneTransformConfigBlack": {"mobile": [], "qimei": [], "manufacturer": []}, "threadFuncConfigWhite": {"mobile": [], "qimei": [], "manufacturer": []}, "slice5GConfigWhite": {"mobile": [], "qimei": [], "manufacturer": []}, "transceiverConfigBlack": {"mobile": [], "qimei": [], "manufacturer": []}, "cpuApplyConfigBlack": {"mobile": [], "qimei": [], "manufacturer": []}, "vendorChannelControl": {"samsung": ["samsung2"], "default": ["socket", "tgpabinder"], "blackshark": ["tgpabinder"], "xiaomi": ["xiaomi"], "vivo": ["vivo2", "vivo"], "huawei": ["huawei"], "oppo": ["oppo"]}, "sceneTypeControlConfigWhite": {"mobile": [], "qimei": [], "manufacturer": []}}